 aaa, a
aaaa, a
aaaaa, a
aaaaaaa, a
aaaaaaaaaaaaaaaaaaaa, a
acaranyaaaaaaa, acaranya
adalahhhhhhh, adalah
ahahahahahhah, haha
ahmaksudnya, maksudnya
ajsajsjsjsshsj, asu  
akarakarya, akar-akarnya
alhamdulilah, alhamdulillah
alhamdullilah, alhamdulillah
allhamdulillah, alhamdulillah
anehhhhhhhhhhhhhhhhhhhh, aneh
anjiiinggggg, anjing  
anjngggggggg, anjing  
aowkaowkaowk, awokawok  
aowkwkwkwkwk, awokawok  
arghhhhhhhhhhhhhhhhhhhhhhhhhhhh, argh 
asistensikan, asistenkan
assalamualaikum, assalamu'alaikum
astagfirullah, astaghfirullah
astaghfirullah, astaghfirullah
atasnamakan, atas namakan
aturanaturan, aturan-aturan
awkowkowkowkow, awokawok  
awoakwokaowk, awokawok  
awokawokawok, awokawok  
awoskoaakaoakak, awokawok  
bangeettttt, banget
bangeetttttt, banget
bangetsedih, banget sedih
bangettttaku, banget aku
bangetwkjriwjdjw, banget
banyakbanyak, banyak-banyak
bapakkkkkkkkk, bapak
bapakkkkkkkkkk, bapak
barangbarang, barang-barang
barengbareng, bareng-bareng
barudaaaakkkk, baru dong
bejirrkaburduluaja, bejir kabur dulu aja  
belajarnyaa, belajarnya
berantemkalo, berantem kalau
berantemnya, berantemnya
berbulanbulan, berbulan-bulan
berinteligensi, berintelijen
berkalikali, berkali-kali
berkarirlbh, berkarir lah
berprevilise, berprivilege
berprivillege, berprivilege
bersabdaaaa, bersabda
bersamasama, bersama-sama
bersihbersih, bersih-bersih
bertanggungjawab, bertanggung jawab
bertanyatanya, bertanya-tanya
besarbesaran, besar-besaran
bismillaahh, bismillah
bismillahirrahmanirrahim, bismillahirrahmanirrahim
bismillahirrohmanirrohim, bismillahirrahmanirrahim
bisnisajadulu, bisnis aja dulu
bisnisbisnis, bisnis-bisnis
bobrooookkkkkkk, bobrok  
bojongtuyul, bojong tuyul   tempat
bongkarbongkar, bongkar-bongkar
bruakakakakak, bruakak  
btsthanniversary, bts thanniversary  
bubblycuddly, bubbly cuddly
bulbulhabis, bulbul habis
capeknganggur, capek nganggur
cecunguknya, cecunguknya  
cengengesan, cengengesan  # tertawa sinis
cewekindonesia, cewek indonesia
ciumbuleuit, cium buleuit  # asumsi lokasi
ciyeeefinalis, ciye finalis  
confesssssss, confess
congratssssszzz, congrats
congrattssss, congrats
dahlahdisiniaja, dahlah disini aja
danggeunmin, danggeun min  
dediindonesiagelap, dedi indonesia gelap
dengankabur, dengan kabur
diarepinhonestly, diare pin honestly  
dibawahhooii, di bawah hoii
dibeginikan, dibeginikan  ?
dibelenggunya, dibelenggunya
dibicarakan, dibicarakan
dibilangnya, dibilangnya
dideportasilagi, dideportasi lagi
dihargaikaburajadulu, dihargai kabur aja dulu
dihargainnya, dihargainya
dijualdiwariskan, dijual diwariskan
dijualjualin, dijual-jualin
dikitaowkoawk, dikit awokawok  
dinyinyirin, dinyinyirin  
dioptimalin, dioptimalkan
dipengaruhi, dipengaruhi
diperhitungkan, diperhitungkan
diperjuangin, diperjuangkan
dipermainkan, dipermainkan
dipermasalahin, dipermasalahkan
diprioritasin, diprioritaskan
diprovokasi, diprovokasi
direinkarnasi, direinkarnasi
disalahartikan, disalahartikan
disalahgunakan, disalahgunakan
disamaratakan, disamaratakan
disappeared, menghilang
disekitarnya, disekitarnya
disekolahin, disekolahkan
disekolahkan, disekolahkan
diselametin, diselamatkan
disepelekan, disepelekan
disepelekanteringat, disepelekan teringat
ditangkepin, ditangkapin  
ditempeleng, ditempeleng  
ditinggalim, ditinggalin  
ditinggalin, ditinggalkan
doeljakarta, doel jakarta  
doodstreamterbaru, doodstream terbaru
duludijawab, dulu dijawab
dulupercuma, dulu percuma
duluternyata, dulu ternyata
eee, e
eepsaefullohfatah, eep saefulloh fatah  
ekwkwkwkwkkw, wkwkwk  
embarrassment, malu
enakinajadulu, enak aja dulu
enggaknya, enggaknya
essentially, pada dasarnya
expectations, ekspektasi
experienced, berpengalaman
experimental, eksperimental
exploreindonesia, explore indonesia
explorepage, explore page
fangirlingan, fangirling an  
februarikabur, februari kabur
feel, rasa
financially, secara finansial
flawlessoonchan, flawless oonchan  
forewarning, peringatan dini
forgooddiindo, for good di indo
freewstpapua, free west papua
fresh, segar
frustration, frustasi
fufufafaaibnasional, fufufafa aib nasional  
fundamental, fundamental
fyppppppppppppppppppppppp, fyp
fypviraltwitter, fyp viral twitter
gabisakabur, gabisa kabur
gadistercanti, gadis tercanti  
gagalbrandinggagalnikah, gagal branding gagal nikah
gagalmakambungkarno, gagal makam bung karno
gakmikirmikir, gak mikir-mikir
gaksabarbesokgajian, gak sabar besok gajian
gamblingnya, gamblingnya
gaslighting, gas lighting  
gassssssspooooooooooool, gas pol  semangat
gataubalikatauga, gatau balik atau ga
gedheitukita, gedhe itu kita  
gelapbanget, gelap banget
generalisir, generalisir  
gidahsonoyangjauh, pergi sana yang jauh  
gijinkokuengineer, gijinkoku engineer  
giveawayindonesia, give away indonesia
giveawaynya, give away nya
goblokgoblok, goblok goblok  
good, bagus
govlockskill, gov lock skill  
gwehotwdiaspora, gue hot w diaspora  
gwencanaaaayooo, gue rencana ayo  
habatasaudah, habis sudah
habishabisan, habis-habisan
hahahahaaha, haha
hahahahahaa, haha
hahhahahaha, haha
hahshsnkakakdu, haha  
hallucination, halusinasi
hancurtagar, hancur tagar
happy, senang
harunmasikukaburajadulu, harun masiku kabur aja dulu
hate, benci
hatinyalalu, hatinya lalu
haveichanged, have i changed
hellloowrrr, hello
hello, halo
hellocation, hello location  
hellomotogotyle, hello moto go style  
hhhh, h
hhhhhhhh, h
hi, hai
hijrahajadulu, hijrah aja dulu
hilangsajadulu, hilang aja dulu
hinamuslimkemudian, hina muslim kemudian
hiraganakatakana, hiragana katakana  
hitunghitung, hitung-hitung
hoaxpengalihan, hoax pengalihan
hohohooooooo, hohoho  
holdduluaja, hold dulu aja
holyairball, holy air ball  
humanrights, hak asasi manusia
hyperinflation, hiperinflasi
icecreamvape, ice cream vape
idielogisnya, ideologisnya
idolswisatawan, idols wisatawan  
ijazahjokowi, ijazah jokowi
ijazahpalsu, ijazah palsu
ijazahpalsujokowi, ijazah palsu jokowi
ikhlassssss, ikhlas
ikuuuuuuttt, ikut
illustrator, ilustrator
imperialisme, imperialisme
implementasi, implementasi
indiaampchina, india amp china
indikatornya, indikatornya
indognesial, indonesial  
indonesiaaah, indonesia
indonesiaaneh, indonesia aneh
indonesiaaustralia, indonesia australia
indonesiabaru, indonesia baru
indonesiabubar, indonesia bubar
indonesiabubardikuasaipremankhilafah, indonesia bubar dikuasai preman khilafah
indonesiacemas, indonesia cemas
indonesiadarurat, indonesia darurat
indonesiaemas, indonesia emas
indonesiagelao, indonesia gelap  
indonesiagelap, indonesia gelap
indonesiagelapgelap, indonesia gelap-gelap
indonesiagelapgulita, indonesia gelap gulita
indonesiagelapjilid, indonesia gelap jilid
indonesiagelapndasmu, indonesia gelap ndasmu  
indonesiakuat, indonesia kuat
indonesialebihkuat, indonesia lebih kuat
indonesiamaju, indonesia maju
indonesiamakingelap, indonesia makin gelap
indonesiamasters, indonesia masters
indonesiamendunia, indonesia mendunia
indonesiamereka, indonesia mereka
indonesianidol, indonesian idol
indonesianidolxiii, indonesian idol xiii
indonesians, indonesia
indonesianya, indonesianya
indonesiapenjajah, indonesia penjajah
indonesiasehat, indonesia sehat
indonesiaviral, indonesia viral
indonesiawaspada, indonesia waspada
indoviralterbaru, indo viral terbaru
indsiagelap, indonesia gelap  
industrinya, industrinya
industripabrik, industri pabrik
inferiority, inferioritas
infobeasiswa, info beasiswa
infogiveaway, info giveaway
infojobjepang, info job jepang
information, informasi
infosumbawa, info sumbawa
infrastruktur, infrastruktur
inggriskaburajadulu, inggris kabur aja dulu
inirasanyasuper, ini rasanya super
inisiatornya, inisiatornya
innalillahi, innalillahi
inspirasinya, inspirasinya
instalkelshinta, instal kelshinta  
instansinya, instansinya
intelegensi, intelegensi
intelektual, intelektual
intelektualitas, intelektualitas
interactive, interaktif
internasional, internasional
international, internasional
interviewnya, interviewnya
intoleransi, intoleransi
intrnational, international  
introduction, pengenalan
investorkabur, investor kabur
investornya, investornya
istandwithsharmishta, i stand with sharmishta
jabodetabek, jabodetabek
jackpotcrashcourse, jackpot crash course
jackpotramadhan, jackpot ramadhan
jacktherapist, jack therapist  
jalaninajadulu, jalanin aja dulu
jalanjalannya, jalan-jalannya
jalanjembatan, jalan jembatan
janganjadidosen, jangan jadi dosen
janganjangan, jangan-jangan
janganlupabersyukur, jangan lupa bersyukur
janganpulangaja, jangan pulang aja
janganpulangajadulu, jangan pulang aja dulu
janganpulangdulu, jangan pulang dulu
januariperingatan, januari peringatan
jepanggelap, jepang gelap
jepangjerman, jepang jerman
jepangkorea, jepang korea
jepangkorsel, jepang korsel
jerumuskandiriyuk, jerumuskan diri yuk
jobopportunity, job opportunity
jogjamemanggil, jogja memanggil
jokowigakusahpulang, jokowi gak usah pulang
jokowipenipuijazah, jokowi penipu ijazah
jokowitakutdiadili, jokowi takut diadili
jokowitamat, jokowi tamat
jumatberkah, jumat berkah
junjungannya, junjungannya
justgoddamnit, just goddamnit  
kabarajadulu, kabar aja dulu
kabinetgendut, kabinet gendut  # ejekan
kabinetkoruptor, kabinet koruptor
kaburajaburuan, kabur aja buruan
kaburajadehlu, kabur aja deh lu  
kaburajadlu, kabur aja dulu  
kaburajadulu, kabur aja dulu
kaburajadulumohon, kabur aja dulu mohon
kaburajadulusampai, kabur aja dulu sampai
kaburajadulusaya, kabur aja dulu saya
kaburajaduluya, kabur aja dulu ya
kaburajaduluvietnam, kabur aja dulu vietnam
kaburajagausahbalik, kabur aja gausah balik  
kaburajaselamanya, kabur aja selamanya
kaburajayuk, kabur aja yuk
kaburdisana, kabur disana
kaburduluaja, kabur dulu aja
kaburduluajanya, kabur dulu aja nya
kaburduluajaprabowosubianto, kabur dulu aja prabowo subianto
kaburduluan, kabur duluan
kaburgasngeng, kabur gas ngeeng  
kaburinduitdulu, kabur induit dulu  
kaburinvestorlg, kabur investor lg  
kaburkaburan, kabur-kaburan
kaburkejepang, kabur ke jepang
kaburkekorseldulu, kabur ke korsel dulu
kaburlagiaja, kabur lagi aja
kaburrrrrrrrrrrr, kabur
kabursajadulu, kabur saja dulu
kamibersamayuranfernandes, kami bersama yuran fernandes  
kampunghalaman, kampung halaman
kangenkampunghalaman, kangen kampung halaman
kanpekiseijo, kanpeki seijo  
kapabilitas, kapabilitas
kapitalisme, kapitalisme
karakternya, karakternya
karimunjawa, karimun jawa  
karirinternasional, karir internasional
karyaanakbangsa, karya anak bangsa
katakatamotivasi, kata-kata motivasi
katakatamutiara, kata-kata mutiara
kategorinya, kategorinya
kawankawanku, kawan-kawanku
kebahagiaan, kebahagiaan
kebangkitan, kebangkitan
kebanyakkan, kebanyakan  
kebenarannya, kebenarannya
keberangkatan, keberangkatan
keberaniannya, keberaniannya
keberengsekan, keberesan  
keberhasilan, keberhasilan
keberlanjutan, keberlanjutan
keberlimpahan, keberlimpahan
kebersihannya, kebersihannya
kebiadabanmu, kebiadabanmu
kebijakannn, kebijakannya  
kebijakannya, kebijakannya
kebutuhannya, kebutuhannya
kecewapilihprabowo, kecewa pilih prabowo
kedapetannn, kedapetan  
kediktatoran, kediktatoran
keeptalking, keep talking
kegelisahan, kegelisahan
kegemilangan, kegemilangan
kehadirannya, kehadirannya
kehidupannya, kehidupannya
keimigrasian, keimigrasian
kejadiannya, kejadiannya
kejahatannya, kejahatannya
kejahatansatuserver, kejahatan satu server
kekeluargaan, kekeluargaan
kekuarganya, keluarganya  
kekuranganya, kekurangannya  
kelahirannya, kelahirannya
kelakuannya, kelakuannya
kelangsungan, kelangsungan
kelemahanku, kelemahanku
kelihatannya, kelihatannya
kelistrikan, kelistrikan
kelompoknya, kelompoknya
keluarganya, keluarganya
keluarkeluar, keluar-keluar
keluarnegeriaja, keluar negeri aja
kemampuanmu, kemampuanmu
kemampuannya, kemampuannya
kemanaaaaaa, kemana
kemanaaaaaahhhhhhhhhhhh, kemana
kemandirian, kemandirian
kemanggisan, kemanggisan  
kemanusiaan, kemanusiaan
kemarinkemarin, kemarin-kemarin
kemariwkwkw, kemari wkwkw  
kembaliannya, kembaliannya
kemendikbud, kemendikbud
kementerian, kementerian
kementrianpendidikan, kementerian pendidikan  
kemerdekaan, kemerdekaan
kemerdekaannya, kemerdekaannya
kemungkinan, kemungkinan
kenasionalisme, kenasionalisme
kentuajadulu, kentua aja dulu  
kenyataannya, kenyataannya
kepaladaerah, kepala daerah
kepanitiaan, kepanitiaan
kepanjangan, kepanjangan
kepemimpinan, kepemimpinan
kepentingan, kepentingan
kepercayaan, kepercayaan
keprimitifan, keprimitifan
keputusasaan, keputusasaan
keraguankesedihankegagalan, keraguan kesedihan kegagalan
keranjingan, keranjingan
keributannya, keributannya
kerjaampminimnya, kerja amp minimnya  
kerjaanjadi, kerjaan jadi
kerjabelajar, kerja belajar
kerjadijepang, kerja di jepang
kerjadijerman, kerja di jerman
kerjadikanada, kerja dikanada  
kerjadiluarneger, kerja di luar negeri  
kerjadiluarnegeri, kerja di luar negeri
kerjajepang, kerja jepang
kerjakejepang, kerja ke jepang
kerjakuliahsekolah, kerja kuliah sekolah
kerjaluarnegeri, kerja luar negeri
kerjangejar, kerja ngejar
kesalamatan, keselamatan  
kesampaianjadi, kesampaian jadi
kesederhanaan, kesederhanaan
kesejahteraan, kesejahteraan
kesejahtrraan, kesejahteraan  
kesempatanmu, kesempatanmu
kesempatannya, kesempatannya
kesemrawutan, kesemrawutan
keseruannya, keseruannya
kesibukanku, kesibukanku
kesimpulannya, kesimpulannya
kesinisalah, kesini salah
kestrugglean, ke-struggle-an  # istilah slang
kesuksesannya, kesuksesannya
kesusksesan, kesuksesan  
ketangkeptangkep, ketang kep tangkep  
ketenagakerjaan, ketenagakerjaan
keterampilan, keterampilan
keterbatasan, keterbatasan
keterikatan, keterikatan
keterlaluan, keterlaluan
keterlibatan, keterlibatan
ketidakadilan, ketidakadilan
ketidakpastian, ketidakpastian
ketidakpercayaan, ketidakpercayaan
ketidakpuasan, ketidakpuasan
ketidakstabilan, ketidakstabilan
ketidakwarasan, ketidakwarasan
ketinggalan, ketinggalan
ketipuuuuuuuuuuuuuu, ketipu  
ketrampilan, keterampilan  
keturunannya, keturunannya
keuntungannya, keuntungannya
kewarasanku, kewarasanku
kewargakenegaraan, kewarganegaraan  
kewarganegaraan, kewarganegaraan
keyakinannya, keyakinannya
khawatirnya, khawatirnya
kiamatsudahdekat, kiamat sudah dekat
kingsharvard, kings harvard  
kkk, k
kkkk, k
klarifikasi, klarifikasi
klinissoalnya, klinis soalnya
kluivertout, kluivert out  
kodeundagan, kode undagan  
kolaborasiperkuatbangsa, kolaborasi perkuat bangsa
kolonialisme, kolonialisme
komikwebtoon, komik webtoon
komunikasiin, komunikasiin  
konohagakure, konoha gakure  
konsekuensi, konsekuensi
konservatif, konservatif
konstitusinya, konstitusinya
kontroversi, kontroversi
kontroversial, kontroversial
koreaselatan, korea selatan
korupsipertamina, korupsi pertamina
koruptornya, koruptornya
kosongkepentingan, kosong kepentingan
kpemimpinan, kepemimpinan  
kriminalisasi, kriminalisasi
kriterianya, kriterianya
krustycrepes, krusty crepes  
kualifikasinya, kualifikasinya
kuliahajadulu, kuliah aja dulu
kuliahdichina, kuliah di china
kuliahdihongkong, kuliah di hongkong
kuliahdiinggris, kuliah di inggris
kuliahdikorea, kuliah di korea
kuliahdiluar, kuliah di luar
kuliahdiluarnegeri, kuliah di luar negeri
kuliahindonesiagelap, kuliah indonesia gelap
kuliahluarnegeri, kuliah luar negeri
kurekomendasi, ku rekomendasi
kurikulumnya, kurikulumnya
kursusbahasainggris, kursus bahasa inggris
kursusbahasajepang, kursus bahasa jepang
kursusbahasakorea, kursus bahasa korea
lagakproduser, lagak produser
lainstrategi, lain strategi
lalalalilili, lalalalilili  # nyanyian
lancarkanlah, lancarkanlah
langkahlangkah, langkah-langkah
lanjutannya, lanjutannya
lapangannya, lapangannya
lawancaraculas, lawan cara culas
lazadapestagajian, lazada pest a gajian  
lebihbaikkabur, lebih baik kabur
lesbahasajepang, les bahasa jepang
liburandirumahaja, liburan di rumah aja
lifeafterpilpres, life after pilpres
like, suka
linemanxfayeperaya, line man x faye peraya  
lingkunganmu, lingkunganmu
lingkungannya, lingkungannya
linkgacorslot, link gacor slot
lisamariana, lisa mariana  
listriktelfon, listrik telpon  
literasinya, literasinya
lizzizuankabur, lizzi zuan kabur  
logikangawur, logika ngawur
logobukanidentitas, logo bukan identitas
lokerjepang, loker jepang
lokerterbaru, loker terbaru
lokerwithpiki, loker with piki  
love, cinta
lowongankerja, lowongan kerja
lowonganpekerjaan, lowongan pekerjaan
luminescence, luminesensi
magangapprenticeship, magang apprenticeship
magangjepang, magang jepang
mahasiswaberaksi, mahasiswa beraksi
mahasiswanya, mahasiswanya
makinkesinimakinkesono, makin kesini makin kesono
maklumudahgamuda, maklum udah gamuda  
malamminggu, malam minggu
mamatkopling, mamat kopling  
manajemenit, manajemen it
manchesterunited, manchester united
mandiribeasiswa, mandiri beasiswa
mandorizinmundur, mandor izin mundur  
manifestasi, manifestasi
manifesting, manifesting  
manipulating, memanipulasi
mantukmantuk, mantuk-mantuk  
marketplace, marketplace
masadepansuram, masa depan suram
masalahnyee, masalahnya  
masingmasing, masing-masing
masterbagasi, master bagasi
masukajadulu, masuk aja dulu
masyarakatnya, masyarakatnya
mataharinya, mataharinya
matamuehndasmu, matamu eh ndasmu  
matiajadulu, mati aja dulu
matidisiksa, mati disiksa
mauahuahauahau, mau ah uahauahau  
maukaburajadulu, mau kabur aja dulu
mautsementara, mau t sementara  
mayapadacurang, mayapada curang
mberotkaburduluaja, mberot kabur dulu aja  
mbginvestasimasadepan, mbg investasi masa depan  
mechatronica, mechatronica  
meetnitelive, meet nite live
meetnitelivemetrotv, meet nite live metro tv
megalodonnya, megalodonnya
melaksanakan, melaksanakan
melaksanakannya, melaksanakannya
melakukannya, melakukannya
melancarkan, melancarkan
melanjutkannya, melanjutkannya
melatarbelakangi, melatarbelakangi
melestarikan, melestarikan
melimpahnya, melimpahnya
meluncurkan, meluncurkan
memanfaatkan, memanfaatkan
memanifestasikan, memanifestasikan
memantapkan, memantapkan
memanusiakan, memanusiakan
memanusiakanmanusia, memanusiakan manusia
membahayakan, membahayakan
membalikkan, membalikkan
membanggakan, membanggakan
membayangkan, membayangkan
membayarnya, membayarnya
membebaskan, membebaskan
membenarkan, membenarkan
memberikansanjungankokpadapelakukorapdanperilakunya, memberikan sanjungan kok pada pelaku korap dan perilakunya  
memberitahu, memberitahu
memberitakan, memberitakan
memberontak, memberontak
membersamai, membersamai
membersihkan, membersihkan
membiasakan, membiasakan
membugarkandemokrasi, membugar kan demokrasi
membuktikan, membuktikan
membutuhkan, membutuhkan
memeindonesia, meme indonesia
memelndonesia, meme indonesia  
memerahraut, memerah raut
memerdekakan, memerdekakan
memeriahkan, memeriahkan
memfasilitasi, memfasilitasi
memindahkan, memindahkan
mempedulikan, mempedulikan
mempelajari, mempelajari
mempengaruhi, mempengaruhi
memperbaiki, memperbaiki
memperbesar, memperbesar
mempercepat, mempercepat
memperebutkan, memperebutkan
memperkenalkan, memperkenalkan
memperkerjakan, memperkerjakan
memperkuatnya, memperkuatnya
memperlihatkan, memperlihatkan
mempermudah, mempermudah
memperpanjang, memperpanjang
mempersiapkan, mempersiapkan
mempersilahkan, mempersilakan
mempersulit, mempersulit
mempertahankan, mempertahankan
mempertanyakan, mempertanyakan
mempertimbangkan, mempertimbangkan
mempopulerkannya, mempopulerkannya
mempraktekkan, mempraktikkan
mempraktikkan, mempraktikkan
memprediksi, memprediksi
memprioritaskan, memprioritaskan
memunculkan, memunculkan
memungkinkan, memungkinkan
memvalidasi, memvalidasi
menagihjanjikampanye, menagih janji kampanye
menaklukkannya, menaklukkannya
menakutnakuti, menakut-nakuti
menanggulangi, menanggulangi
menangterus, menang terus
mencakmencak, mencak-mencak
mencekamnya, mencekamnya
mencerdaskan, mencerdaskan
menceritakan, menceritakan
menciptakan, menciptakan
mencontohkan, mencontohkan
mendahulukan, mendahulukan
mendapatkan, mendapatkan
mendatangkan, mendatangkan
mendekatkan, mendekatkan
mendengarkan, mendengarkan
mendikdasmen, mendikdasmen
mendukungnya, mendukungnya
menenangkan, menenangkan
menengahatas, menengah atas
menentunegara, menentunegara  
menerimakabahar, menerima kabahar  
menertawakan, menertawakan
mengabaikan, mengabaikan
mengabdilah, mengabdilah
mengagendakan, mengagendakan
mengajarkan, mengajarkan
mengalahkan, mengalahkan
mengalihkan, mengalihkan
mengamalkan, mengamalkan
mengampanyekan, mengampanyekan
mengantarkan, mengantarkan
mengapaakuwni, mengapa aku wni  
mengaplikasikan, mengaplikasikan
mengapresiasi, mengapresiasi
mengasingkan, mengasingkan
mengclearkan, meng-clear-kan  
mengecewakan, mengecewakan
mengekploitasi, mengeksploitasi  
mengeksklusifkan, mengeksklusifkan
mengelolanya, mengelolanya
mengeluarkan, mengeluarkan
mengembangkan, mengembangkan
mengenyangkan, mengenyangkan
mengepakkan, mengepakkan
mengesahkan, mengesahkan
mengesalkan, mengesalkan
mengeskpresikan, mengekspresikan  
menggagalkan, menggagalkan
menggambarkan, menggambarkan
menggantikan, menggantikan
menggaungkan, menggaungkan
menggebugebu, menggebu-gebu
menggemaskan, menggemaskan
menggembala, menggembala
menggerakkan, menggerakkan
menggiringnya, menggiringnya
menggiurkan, menggiurkan
menggonggong, menggonggong
menggunakan, menggunakan
mengguncang, mengguncang
menghabiskan, menghabiskan
menghalangi, menghalangi
menghasilkan, menghasilkan
menghianati, menghianati
menghidupkan, menghidupkan
menghilangkan, menghilangkan
menghilangnya, menghilangnya
menghindari, menghindari
menghubungkan, menghubungkan
mengimplementasikan, mengimplementasikan
mengindikasikan, mengindikasikan
mengingatkan, mengingatkan
menginginkan, menginginkan
menginspirasi, menginspirasi
menginvalidasi, menginvalidasi
mengkhawatirkan, mengkhawatirkan
mengkhianati, mengkhianati
mengomongkan, mengomongkan
mengomongnya, mengomongnya
mengorbankan, mengorbankan
mengucapkan, mengucapkan
mengumpulkan, mengumpulkan
mengungsikan, mengungsikan
menguntungkan, menguntungkan
mengusahakan, mengusahakan
mengutamakan, mengutamakan
meninggalkan, meninggalkan
meningkatkan, meningkatkan
menjalankan, menjalankan
menjamurnya, menjamurnya
menjanjikan, menjanjikan
menjatuhkan, menjatuhkan
menjelaskan, menjelaskan
menjelekkan, menjelekkan
menormalisasi, menormalisasi
mensejahterakan, mensejahterakan
mentalhealthmatters, mental health matters
mentangmentang, mentang-mentang
mentertawakan, mentertawakan
mentokmentok, mentok-mentok
menumbangkan, menumbangkan
menunjukkan, menunjukkan
menyakitkan, menyakitkan
menyaksikan, menyaksikan
menyalahkan, menyalahkan
menyalahlan, menyalahkan  
menyalurkan, menyalurkan
menyambutnya, menyambutnya
menyampaikan, menyampaikan
menyarankan, menyarankan
menyayangkan, menyayangkan
menyebalkan, menyebalkan
menyebarkan, menyebarkan
menyebutkan, menyebutkan
menyediakan, menyediakan
menyedihkan, menyedihkan
menyekolahkan, menyekolahkan
menyelamatkan, menyelamatkan
menyelesaikan, menyelesaikan
menyelidiki, menyelidiki
menyembuhkan, menyembuhkan
menyenangkan, menyenangkan
menyerahkan, menyerahkan
menyeramkan, menyeramkan
menyesalkan, menyesalkan
menyesuaikan, menyesuaikan
menyimpulkan, menyimpulkan
menyinggung, menyinggung
menyingkirdulu, menyingkir dulu
menyiratkan, menyiratkan
menyuarakan, menyuarakan
menyukseskan, menyukseskan
menyusahkan, menyusahkan
merasakannya, merasakannya
meraungraung, meraung-raung
mercenaries, tentara bayaran
merealisasikan, merealisasikan
mereformasi, mereformasi
merekatutup, mereka tutup
merekedeweng, mereka deweng  
merencanakan, merencanakan
merendahkan, merendahkan
meringankan, meringankan
meritokrasi, meritokrasi
meritrokrasi, meritokrasi  
meromantisasi, meromantisasi
meruntuhkan, meruntuhkan
mesramesraan, mesra mesraan
metrotvnews, metro tv news
mewasiatkan, mewasiatkan
middleclass, middle class
migasselama, migas selama
migranindonesia, migran indonesia
mikirkayanya, mikir kayanya
minghaodeservesbetter, minghao deserves better  
mingyuxcalvinklein, mingyu x calvin klein  
minyakoplosan, minyak oplosan
mirrorselfies, mirror selfies
mixedcouple, mixed couple
mmm, mm
mmprtimbangkan, mempertimbangkan  
mockupwawancara, mockup wawancara
moncerkalau, moncer kalau
mood, suasana hati
moqeelatagzeps, moqeela tagzeps  
motivasinya, motivasinya
movementnya, movementnya
muakjadiwni, muak jadi wni
muaknegerisendiri, muak negeri sendiri
mudahkanlah, mudahkanlah
mudikgratis, mudik gratis
muhammadiyah, muhammadiyah
multikultural, multikultural
multinational, multinasional
mulyonokabur, mulyono kabur  
mulyonowowok, mulyono wowok  
mundurkemudian, mundur kemudian
musibahlalu, musibah lalu
musikindonesia, musik indonesia
mygoldenbloodep, my golden blood ep  
mykaburajadulu, my kabur aja dulu
myxanniversary, myx anniversary  
nangisnangis, nangis-nangis
naqsyabandiyah, naqsyabandiyah
nasionalisme, nasionalisme
nasionalismenya, nasionalismenya
nasionalismepadahal, nasionalisme padahal
nasionalisnya, nasionalisnya
nationalism, nasionalisme
nationality, kewarganegaraan
naturalisasi, naturalisasi
naudzubillah, naudzubillah
nazarpemilu, nazar pemilu
negarameliteristik, negara meliteristik  
negaranegara, negara-negara
negerikabur, negeri kabur
negerikangenkampunghalaman, negeri kangen kampung halaman
negerimanifesting, negeri manifesting
negerisurgakoruptor, negeri surga koruptor
negrikriminal, negri kriminal  
netherlands, belanda
neverforget, never forget
neverstoplearning, never stop learning
newprofilepic, new profile pic
nexthttpstcoqbnfssro, next httpstcoqbnfssro 
ngacengajadulu, ngaceng aja dulu  
ngagerakeun, ngagerakeun  
ngakakakakak, ngakak  
ngakakkkkkkkkk, ngakak  
ngakakterus, ngakak terus
ngakalinnya, ngakalinnya  
ngalanjutken, ngalanjutken  
ngambekhadeh, ngambek hadeh 
nganuuuhmmmkabur, nganu uhmmm kabur  
ngayogyakarta, ngayogyakarta  
ngebayangin, ngebayangin  
ngedengerin, ngedengerin  
ngediscourage, ngediscourage  
ngegaslight, ngegaslight  
ngegoblokin, ngegoblokin  
ngejemputnya, ngejemputnya  
ngelakuinnya, ngelakuinnya  
ngelanjutin, ngelanjutin  
ngelesnyabilang, ngelesnya bilang  
ngelurusinnya, ngelurusinnya  
ngemisngemis, ngemis-ngemis
ngerencanain, ngerencanain  
ngesawadikapin, ngesawa dikapin  
ngetweet, ngetweet  
ngoahahahahaha, ngoahahaha  
ngomongkomen, ngomong komen  
nikahajadulu, nikah aja dulu
nikahberhubung, nikah berhubung
no, tidak
nonexistence, ketiadaan
nonpriviledge, non privilege  
nontonkonserdiluaraja, nonton konser di luar aja
noooooooooo, no
normalisasi, normalisasi
normalisasikan, normalisasikan
nowadaysapalagi, nowadays apalagi
nusakambangan, nusa kambangan
nyanghareupan, nyang hareupan  
nyarikerjadulu, nyari kerja dulu
nyemplungke, nyemplung ke  
oakwoakwoakw, oakwoakwoakw  
omg, omg  
omonomonkabur, omonomon kabur  
ooo, o
operasional, operasional
oplosduluaja, oplos dulu aja
opportunity, kesempatan
opportunitynya, opportunitynya
oridistromedia, ori distro media  
otoritarianisme, otoritarianisme
outsourcing, outsourcing
overglorifying, over glorifying
overpopulated, overpopulated
overthinking, overthinking
ovtdetected, ovt detected  
padjadjaran, padjadjaran  
pajakperusahaan, pajak perusahaan
palestinian, palestina
pancasilais, pancasilais
pantesaaanhahaha, pantesaan hahaha  
paracetamolnya, paracetamolnya
parangtritis, parangtritis  
parkirkaburajadulu, parkir kabur aja dulu
pasangannya, pasangannya
pasilitasnya, fasilitasnya  
pasrahtapipenasaran, pasrah tapi penasaran
passwordnya, passwordnya
patrickkluivertout, patrick kluivert out  
patriotisme, patriotisme
peaceloveandgawl, peace love and gawl  
pekerjaannya, pekerjaannya
pelajaridaman, pelajar idaman
pelanggaran, pelanggaran
pelarangandibuat, pelarangan dibuat
peliharaannya, peliharaannya
pelopornyakalau, pelopornya kalau
peluangkerja, peluang kerja
pemalsuannya, pemalsuannya
pemangkasan, pemangkasan
pembagiannya, pembagiannya
pembangunan, pembangunan
pembantaian, pembantaian
pembelaanya, pembelaannya  
pemberantasan, pemberantasan
pemberdayaan, pemberdayaan
pemberontakan, pemberontakan
pembisiknya, pembisiknya
pemblokiran, pemblokiran
pemebenaran, pembenaran  
pemenangnya, pemenangnya
pemerentahnya, pemerintahnya  
pemeriksaan, pemeriksaan
pemerintahan, pemerintahan
pemerintahannya, pemerintahannya
pemerintahbersamasritex, pemerintah bersama sritex  
pemerintahindonesia, pemerintah indonesia
pemerintahkaya, pemerintah kaya
pemerintahnya, pemerintahnya
pemersatubangsa, pemersatu bangsa
pemersatubangsabebas, pemersatu bangsa bebas
pemikirannya, pemikirannya
pemimpinnya, pemimpinnya
pemudapancasila, pemuda pancasila
penasaranku, penasaranku
pencapaiannya, pencapaiannya
pencoblosnya, pencoblosnya
pencopotannya, pencopotannya
penculikanhilang, penculikan hilang
penculiknya, penculiknya
pencurimobil, pencuri mobil
pendaftaran, pendaftaran
pendaftarannya, pendaftarannya
pendapatannya, pendapatannya
pendapatnya, pendapatnya
pendekatanmu, pendekatanmu
penderitaan, penderitaan
pendidikannya, pendidikannya
pendirianperusahaan, pendirian perusahaan
pendirianpt, pendirian pt
penduduknya, penduduknya
pendukungnya, pendukungnya
penelitianku, penelitianku
penerbangan, penerbangan
pengajarnya, pengajarnya
pengalamannya, pengalamannya
pengambilan, pengambilan
pengangguran, pengangguran
penganggurancmn, pengangguran cmn  
pengangkatan, pengangkatan
pengaruhnya, pengaruhnya
pengaspalan, pengaspalan
pengawalnya, pengawalnya
pengawasnya, pengawasnya
pengelolaan, pengelolaan
pengeluaran, pengeluaran
pengembangan, pengembangan
pengemplang, pengemplang
pengennnnmoga, pengen moga  
pengetahuan, pengetahuan
penggeraknya, penggeraknya
penghabisan, penghabisan
penghargaan, penghargaan
penghasilan, penghasilan
penghasilannya, penghasilannya
penghidupan, penghidupan
penghilangan, penghilangan
penghuninya, penghuninya
pengkhianat, pengkhianat
pengkhiatny, pengkhianatnya  
pengkultusan, pengkultusan
pengorbanan, pengorbanan
pengunduran, pengunduran
peningkatan, peningkatan
penipuannya, penipuannya
penipuberkedokagen, penipu berkedok agen
penjahatnya, penjahatnya
penjahatrentalmobil, penjahat rental mobil
penjajahpun, penjajah pun
penjaragelap, penjara gelap
penjasorkes, pendidikan jasmani olahraga kesehatan  
penjelajahan, penjelajahan
penjelasannya, penjelasannya
pensiundari, pensiun dari
penyakitnya, penyakitnya
penyebabnya, penyebabnya
penyeimbang, penyeimbang
penyelamatan, penyelamatan
penyemangat, penyemangat
penyetaraan, penyetaraan
perasaannya, perasaannya
perawatannya, perawatannya
perbandingan, perbandingan
perbanyakan, perbanyakan
perdagangan, perdagangan
perekonomian, perekonomian
perencanaan, perencanaan
perhecticannya, per hecticnya  
perhitungan, perhitungan
peringatandarurat, peringatan darurat
perintahnya, perintahnya
perizinannya, perizinannya
perjalanannya, perjalanannya
perjermanan, per jermanan  
perjuangkan, perjuangkan
perkampungan, perkampungan
perkenalkan, perkenalkan
perkuliahan, perkuliahan
perkumpulan, perkumpulan
perlahanlahan, perlahan-lahan
perlihatkan, perlihatkan
perlindungan, perlindungan
permasalahan, permasalahan
permasalahannya, permasalahannya
permintaaan, permintaan  
permudahkanlah, permudahkanlah
pernikahannya, pernikahannya
perpanjangan, perpanjangan
perpanjulan, perpanjangan  
persetujuan, persetujuan
persiapankerja, persiapan kerja
persiapanmudik, persiapan mudik
persiapannya, persiapannya
persidangan, persidangan
perspective, perspektif
persyaratan, persyaratan
persyaratannya, persyaratannya
pertamatama, pertama-tama
pertaminasarangkoruptor, pertamina sarang koruptor
pertanggungjawaban, pertanggungjawaban
pertanggungjawabkan, pertanggungjawabkan
pertanyaannya, pertanyaannya
pertanyakan, pertanyakan
pertarungan, pertarungan
pertemuanminggu, pertemuan minggu
pertengahan, pertengahan
pertimbangan, pertimbangan
pertimbangin, pertimbangkan  
pertimbangkan, pertimbangkan
pertiwitanah, pertiwi tanah
pertolongan, pertolongan
pertukaranpelajar, pertukaran pelajar
pertumbuhan, pertumbuhan
pertumpahan, pertumpahan
perundangan, perundangan
peruntungan, peruntungan
perusahaannya, perusahaannya
perwakilannya, perwakilannya
pesonaindonesia, pesona indonesia
pesyaratannya, persyaratannya  
petimbangan, pertimbangan  
phillipines, philippines  
pindahannya, pindahannya
pindahnegaralain, pindah negara lain
pinokiojawa, pinokio jawa
pisankurang, pisan kurang  
polisikeamanan, polisi keamanan
politikinterest, politik interest
politiktaikucing, politik tai kucing  
popularitas, popularitas
porakporanda, porak-poranda
portofolionya, portofolionya
positiveeeee, positive
postingannya, postingannya
powerkuasaduit, powerku asa duit  
prabowodiplomasistrategis, prabowo diplomasi strategis
prabowogibranmundurlah, prabowo gibran mundurlah
prabowomenantangrakyat, prabowo menantang rakyat
prabowosudahgagal, prabowo sudah gagal
prabowountukkemanusiaan, prabowo untuk kemanusiaan
preparation, persiapan
prerequisites, prasyarat
presidendan, presiden dan
prestasinya, prestasinya
prioritasin, prioritaskan  
probabilitas, probabilitas
problematik, problematik
processions, prosesi
profesional, profesional
professional, profesional
profilbackground, profil background
programbahasa, program bahasa
programbahasamandarin, program bahasa mandarin
programming, pemrograman
projectsekai, project sekai  
proletariat, proletariat
promotornya, promotornya
propagandanya, propagandanya
prosecutors, jaksa
protesindonesia, protes indonesia
psikismentalitas, psikis mentalitas
puasakaburajadulu, puasa kabur aja dulu
pulangajadulu, pulang aja dulu
pulangpulang, pulang-pulang
purnawirawan, purnawirawan
putraputrinya, putra-putrinya
questioning, mempertanyakan
quotesmotivasi, quotes motivasi
quotesstory, quotes story
rakyaetmelawan, rakyat melawan  
rakyatjelita, rakyat jelita
rakyatlahudah, rakyatlah udah  
rakyatmiskin, rakyat miskin
rakyatnyaehhh, rakyatnya ehhh
rakyatsuara, rakyat suara
ramadanekstraseru, ramadan extra seru
ramadanmubarak, ramadan mubarak
ramadanmubarakbulansutenaviral, ramadan mubarak bulan sutena viral
random, acak
rangkapannya, rangkapannya
realisasiin, realisasikan  
realisasikan, realisasikan
realistically, secara realistis
realistisnya, realistisnya
really, sungguh
recruitment, rekrutmen
reformasinya, reformasinya
registrationlink, registration link
reinkarnasinya, reinkarnasinya
rekeningbanksingapura, rekening bank singapura
rekomendasi, rekomendasi
rekomendasikan, rekomendasikan
rekomendasiwattpad, rekomendasi wattpad
rempahrempah, rempah-rempah
renjunlopersss, renjun lopersss  
replacement, penggantian
requirement, persyaratan
revelations, wahyu
rintikrintik, rintik-rintik
ripakalsehat, rip akal sehat
ritsumeikan, ritsumeikan  
romanticize, meromantisasi
rotigembongyagembonggedhe, roti gembong ya gembong besar  
rumahsekolahtoko, rumah sekolah toko
rumputtetangga, rumput tetangga
rusiasementara, rusia sementara
safertogether, safe together
sajasedangakan, saja sedangakan  
sakitsakitan, sakit-sakitan
sakpanunggale, sak panunggale  
saldogratis, saldo gratis
salingmenjaga, saling menjaga
sambalindonesia, sambal indonesia
sambungsambungin, sambung-sambungin  
sangkuriang, sangkuriang
sarjanapenggerakpembangunan, sarjana penggerak pembangunan
satusatunya, satu-satunya
saudarasaudara, saudara-saudara
savekipkuliah, save kip kuliah
saverajaampat, save raja ampat
scandinavian, skandinavia
scholarship, beasiswa
scholarships, beasiswa
screenshoot, screenshot  
scrollscroll, scroll-scroll
sebanyakbanyaknya, sebanyak-banyaknya
sebanyaknya, sebanyaknya
sebegitunya, sebegitunya
sebenarbenarnya, sebenar-benarnya
sedesperate, sedesparate  
seeehhhhhhmana, seehhh mana  
seenggaknya, seenggaknya
sefrekuensi, sefrekuensi
segaenakeun, sega enakeun  
segerakabur, segera kabur
sehijauhijaunya, sehijauh-jauhnya
seindonesia, se-indonesia
sekaburkaburnya, se-kabur-kaburnya
sekencangkencangnya, se-kencang-kencangnya
sekolahcourse, sekolah course
sekolahkechina, sekolah ke china
sekolahkerja, sekolah kerja
selamaaaaat, selamat
selamatpagit, selamat pagi
selanjutnya, selanjutnya
seldarosita, selda rosita  
selengkapnya, selengkapnya
selewengkan, selewengkan
selflearning, self learning
selfreflection, self reflection
selingkuhan, selingkuhan
semangatkaburajadulu, semangat kabur aja dulu
semangatnya, semangatnya
semangattttttt, semangat
sembarangan, sembarangan
sembunyiiiii, sembunyiiiii  
sembunyinya, sembunyinya
sembunyisembunyi, sembunyi-sembunyi
semenakutkan, semenakutkan  
semencemaskan, semencemaskan  
semengerikan, semengerikan  
semenyedihkan, semenyedihkan  
semiotikanya, semiotikanya
senengseneng, seneng-seneng  
sengangenin, sengangenin  
sentosakarya, sentosa karya  
senusantara, se-nusantara
senyamsenyum, senyam-senyum
sepakatkaburajadulu, sepakat kabur aja dulu
separohseparoh, separoh-separoh
sepedajalan, sepeda jalan
sepemikiran, sepemikiran
sepengalaman, sepengalaman
sepeninggal, sepeninggal
seperangkat, seperangkat
seperjuangan, seperjuangan
seperrsjanku, seperrsjanku  
seprivileged, se privileged
seprivillege, se privilege  
sertifikasi, sertifikasi
serunyaberbagi, serunya berbagi
seruuuuuuuwwwwwkaburajadulu, seruuu kabur aja dulu
sesungguhnya, sesungguhnya
setingginya, setingginya
setujukabur, setuju kabur
shakirravier, shakir ravier  
shanghaiguangzoujakarta, shanghai guangzhou jakarta
shock, syok
shopeefinds, shopee finds
siappilihan, siap pilihan
silahturahmi, silaturahmi
silaturahmi, silaturahmi
silaturrahim, silaturahim  
simplelogic, simple logic
singaporean, singapura
singapuradisana, singapura disana
sitolakruutni, si tolak ruu tni  
situationship, situationship  
slingkuhannya, slingkuhannya  
socioeconpolitical, socio econ political
softskillmu, soft skillmu
solusipebisniscerdas, solusi pebisnis cerdas
songkranctwxfb, songkran ctw x fb  
sorotanpublik, sorotan publik
sorry, maaf
sosialisasi, sosialisasi
southeastasia, asia tenggara
spadegaming, spade gaming
spesialisasi, spesialisasi
spesifiknya, spesifiknya
sponsorship, sponsorship
springanimebstationanime, spring anime bstation anime
stakeholder, pemangku kepentingan
standupcomedy, standup comedy
starmanifesting, star manifesting
startupindonesia, startup indonesia
startupsingapura, startup singapura
statementnya, statementnya
staydanbelajardulu, stay dan belajar dulu
staysafebandung, stay safe bandung
stopbinancealpha, stop binance alpha
stophumantrafficking, stop human trafficking
stresskebanyakan, stress kebanyakan
stressrefly, stress refly  ?
strugglenya, strugglenya
studyabroad, study abroad
studyinhongkong, study in hongkong
studyinkorea, study in korea
studyinspain, study in spain
subhanallah, subhanallah
subiaktobukansubiaja, subiak to bukan subi aja  
suffocating, suffocating
suksesdiluarnegeri, sukses di luar negeri
superiority, superioritas
supermarket, supermarket
supermviews, super mviews  
supersoccer, super soccer
supervision, supervisi
supremacist, supremasis
supremasisipil, supremasi sipil
sure, pasti
sustainable, berkelanjutan
sweettoothgooddentistep, sweet tooth good dentist ep  
switzerland, swiss
syukursyukur, syukur-syukur
tabungannya, tabungannya
tahantahanin, tahan-tahanin  
taiwanchina, taiwan china
takamurauzuki, takamura uzuki  
takutdiajaktukarpikiran, takut diajak tukar pikiran
takutdirujak, takut dirujak
tanahairkuindonesia, tanah airku indonesia
tandingannya, tandingannya
tanduranamp, tanduran amp  
tantangannya, tantangannya
tanyagroklagi, tanya grok lagi  
tarifpesawat, tarif pesawat
tarikduluaja, tarik dulu aja
taruhanonlinegacor, taruhan online gacor
tauniversity, ta university  
telantarkan, telantarkan
temansejati, teman sejati
tementemenku, temen-temenku  
tempurungmu, tempurungmu
tenanggggggg, tenang
terakhirnya, terakhirnya
teraysensei, teray sensei  
terbayangkan, terbayangkan
terbelakang, terbelakang
tercerahkan, tercerahkan
tercetusnya, tercetusnya
tercintaahhh, tercinta ahhh  
terealisasi, terealisasi
terealisasikan, terealisasikan
tergantikan, tergantikan
tergelantar, tergelantar
teriakteriak, teriak-teriak
teriaktutup, teriak tutup
terimakasih, terima kasih
terimakasihorangbaik, terima kasih orang baik
terimakasii, terima kasih  
terinspirasi, terinspirasi
terjadiinvestor, terjadi investor
terlindungi, terlindungi
termotivasi, termotivasi
ternakannya, ternakannya
ternyungsep, ternyungsep  
terpengaruh, terpengaruh
terperangkap, terperangkap
terrrooooosssss, terrrooosss  
tersalurkan, tersalurkan
tersampaikan, tersampaikan
tersediaasrama, tersedia asrama
terselubung, terselubung
tersembunyi, tersembunyi
tersinggung, tersinggung
tertunaikan, tertunaikan
terutamanya, terutamanya
terverifikasi, terverifikasi
teswawancara, tes wawancara
tetangganya, tetangganya
thank, terima kasih
thought, pikiran
throwermercenary, thrower mercenary  
thunderbolts, thunderbolts  
tiarapngumpet, tiarap ngumpet
tidakmampukabur, tidak mampu kabur
tiktokviral, tiktok viral
timelinechaos, timeline chaos
timelinenya, timelinenya
timnasindonesia, timnas indonesia
tinggikecuali, tinggi kecuali
tinggikumpulkan, tinggi kumpulkan  
tinggitinggi, tinggi-tinggi
tipskerjaluarnegeri, tips kerja luar negeri
tired, lelah
titiknolenglish, titik nol english
tobiconstruction, tobi construction  
today, hari ini
toeflpreparation, toefl preparation
tokuteiginou, tokutei ginou  
tolakdwifungsiabri, tolak dwi fungsi abri
tolakrevisiuutni, tolak revisi uu tni
tolakruukejaksaan, tolak ruu kejaksaan
tolakruupolri, tolak ruu polri
tolakruutni, tolak ruu tni
tolaktmtserentak, tolak tmt serentak
tolongviralin, tolong viralin  
tongkrongan, tongkrongan
traderindonesia, trader indonesia
trafficking, trafficking
traffucking, traffucking  ?
transfernya, transfernya
transformasi, transformasi
transparency, transparansi
transportasi, transportasi
trendingnews, trending news
trendingnow, trending now
triiiiinggg, triiing  
true, benar
tuberculosis, tuberkulosis
tukangtradie, tukang tradie  
tulungagung, tulungagung  
tungtungsahur, tungtung sahur
tungtungtung, tung tung tung  
tuntasmayapadacurang, tuntas mayapada curang
turunkanuktptn, turunkan ukt ptn  
tutorialnya, tutorialnya
tweet, tweet
udahkaburbelum, udah kabur belum
udahkaburblum, udah kabur blum  
ujungujungnya, ujung-ujungnya
ukrainarusia, ukraina rusia
unbelieveable, unbelievable  
underestimate, meremehkan
undergraduate, sarjana
undikaburajadulu, undikabur aja dulu  
unemployment, pengangguran
unfavorable, tidak menguntungkan
unitednations, perserikatan bangsa-bangsa
universitas, universitas
universitasnya, universitasnya
unnecessary, tidak perlu
upgradeskillmu, upgrade skillmu
ussgjapanyurop, ussg japan yurop  
usutmayapada, usut mayapada
vapeindonesia, vape indonesia
verifikasinya, verifikasinya
very, sangat
videoampunpakde, video ampun pakde
videoindonesiagelap, video indonesia gelap
viralbanget, viral banget
viralcontent, viral content
viralindonesia, viral indonesia
viralterbaru, viral terbaru
viralvideos, viral videos
visitdenmark, visit denmark
visitgalaxystudio, visit galaxy studio
visualfriendly, visual friendly
vlogkeluarga, vlog keluarga
wadidawwwww, wadidaw  
waktunyacuk, waktunya cuk  
wallahualam, wallahu alam
wamenakertrans, wamenakertrans  
wanprestasi, wanprestasi  
wardahcolorfitstudio, wardah colorfit studio
wardahsymradiance, wardah sym radiance
warganegara, warga negara
wargataserbublt, warga taserbu blt  
wattpadrekomendasi, wattpad rekomendasi
webcommunity, web community
weekend, akhir pekan
weekendvibes, weekend vibes
welcomebabyl, welcome baby l  
westernaustralia, western australia
westernisasi, westernisasi
whatsapptlp, whatsapp telpon  
whatshappening, what's happening
whenlifegivesyoutangerines, when life gives you tangerines
wiaindonesia, wia indonesia
winterchang, winter chang  
wkasksakask, wk asksakask  
wkkwkwkwkww, wkwkwk  
wkwkakwoksjwkwkwkk, wkwkwk  
wkwksksksks, wkwksksks  
wkwkwkbener, wkwkwk bener
wkwkwkkekekekekekekkekek, wkwkwk  
wkwkwkkwkwkwk, wkwkwk  
wkwkwkwkkkk, wkwkwk  
wkwkwkwkkwkwkwkwkwkwkwkwkwk, wkwkwk  
wkwkwkwkkwwkwkwk, wkwkwk  
wkwkwkwkwkwk, wkwkwk  
wkwkwkwkwkwkw, wkwkwk  
wkwkwkwkwkwkwk, wkwkwk  
wkwkwkwkwkwwkk, wkwkwk  
wnikaburajadulu, warga negara indonesia kabur aja dulu
woakwoakoakak, woakwoakoakak  
wonderfulindonesia, indahnya indonesia
workfromanywhere, kerja dari mana aja
wow, wow  
wownampaknya, wow nampaknya
writteninaction, menulis dalam aksi
wwwwww, w
xiixixixixixi, xixixi  
xxxxxxxxxx, x
yakaburajadulu, ya kabur aja dulu
yearstoforeversvt, years to forever svt  
yes, ya
yntktshestek, yntktshestek  
yordaniangapain, yordania ngapain  
yuhuuuuuuuuu, yuhuu  
zonabelajar, zona belajar
zsoltzsemba, zsolt zsemba  
zzuperrrrrr, super  
